{
  "homeCamera": {
   "west": 13.410994034321702,
      "south": -46.49839225859761,
      "east": -46.49839225859761,
      "north": 13.410994034321702
  }
}
